{"url": "https://www.marketplace.virginia.gov/shop-agents?page=10", "date": "February 03 24", "text": " Find a Certified SHOP AgentFind an agent below. Search Agent Last Name, ZIP Code or NPN. Anthony Pereira Agent NPN 19228048 City Doral State FL ZIP Code 33178 Contact Info Anthony Pereira Agent NPN 19228048 City Doral State FL ZIP Code 33178 Contact Info Anthony Pereira Agent NPN 19228048 City Doral State FL ZIP Code 33178 Contact Info Irma Dominguez Agent NPN 8941252 City Miami Lakes State FL ZIP Code 33016 Contact Info Irma Dominguez Agent NPN 8941252 City Miami Lakes State FL ZIP Code 33016 Contact Info Irma Dominguez Agent NPN 8941252 City Miami Lakes State FL ZIP Code 33016 Contact Info Rossana Chacon Agent NPN 20334780 City Palmetto Bay State FL ZIP Code 33157 Contact Info Rossana Chacon Agent NPN 20334780 City Palmetto Bay State FL ZIP Code 33157 Contact Info Rossana Chacon Agent NPN 20334780 City Palmetto Bay State FL ZIP Code 33157 Contact Info Maryorie Pineda Agent NPN 18812012 City Orlando State FL ZIP Code 32821 Contact Info Maryorie Pineda Agent NPN 18812012 City Orlando State FL ZIP Code 32821 Contact Info Maryorie Pineda Agent NPN 18812012 City Orlando State FL ZIP Code 32821 Contact Info Hemis Carolina Borsini Griffin Agent NPN 19053938 City Miami State FL ZIP Code 33122 Contact Info Hemis Carolina Borsini Griffin Agent NPN 19053938 City Miami State FL ZIP Code 33122 Contact Info Hemis Carolina Borsini Griffin Agent NPN 19053938 City Miami State FL ZIP Code 33122 Contact Info Claudia Parra Agent NPN 19580780 City Miami State FL ZIP Code 33133 Contact Info Claudia Parra Agent NPN 19580780 City Miami State FL ZIP Code 33133 Contact Info Claudia Parra Agent NPN 19580780 City Miami State FL ZIP Code 33133 Contact Info Anet Osoria Agent NPN 18226331 City Miami State FL ZIP Code 33157 Contact Info Anet Osoria Agent NPN 18226331 City Miami State FL ZIP Code 33157 Contact Info Anet Osoria Agent NPN 18226331 City Miami State FL ZIP Code 33157 Contact Info Gustavo Perez Agent NPN 18967249 City Miami State FL ZIP Code 33174 Contact Info Gustavo Perez Agent NPN 18967249 City Miami State FL ZIP Code 33174 Contact Info Gustavo Perez Agent NPN 18967249 City Miami State FL ZIP Code 33174 Contact Info Connor Thompson Agent NPN 17193470 City Boca Raton State FL ZIP Code 33432 Contact Info Connor Thompson Agent NPN 17193470 City Boca Raton State FL ZIP Code 33432 Contact Info Connor Thompson Agent NPN 17193470 City Boca Raton State FL ZIP Code 33432 Contact Info Jose Francisco Vasquez Chavez Agent NPN 19888509 City Orlando State FL ZIP Code 32832 Contact Info Jose Francisco Vasquez Chavez Agent NPN 19888509 City Orlando State FL ZIP Code 32832 Contact Info Jose Francisco Vasquez Chavez Agent NPN 19888509 City Orlando State FL ZIP Code 32832 Contact Info Pagination Previous page  Page 11 Next page  "}