{"url": "http://www.marketplace.virginia.gov/shop-agents?page=4", "date": "February 03 24", "text": " Find a Certified SHOP AgentFind an agent below. Search Agent Last Name, ZIP Code or NPN. Jagan Kandlakunta Agent NPN 19185941 City Glen Allen State VA ZIP Code 23059 Contact Info Jagan Kandlakunta Agent NPN 19185941 City Glen Allen State VA ZIP Code 23059 Contact Info Jagan Kandlakunta Agent NPN 19185941 City Glen Allen State VA ZIP Code 23059 Contact Info Jenny Youngjoo Kim Agent NPN 8907224 City Anandale State VA ZIP Code 22003 Contact Info Jenny Youngjoo Kim Agent NPN 8907224 City Anandale State VA ZIP Code 22003 Contact Info Jenny Youngjoo Kim Agent NPN 8907224 City Anandale State VA ZIP Code 22003 Contact Info Matthew Kim Agent NPN 4015012 City Centreville State VA ZIP Code 20120 Contact Info Matthew Kim Agent NPN 4015012 City Centreville State VA ZIP Code 20120 Contact Info Matthew Kim Agent NPN 4015012 City Centreville State VA ZIP Code 20120 Contact Info Jessica Lee Agent NPN 18315586 City Fairfax State VA ZIP Code 22030 Contact Info Jessica Lee Agent NPN 18315586 City Fairfax State VA ZIP Code 22030 Contact Info Jessica Lee Agent NPN 18315586 City Fairfax State VA ZIP Code 22030 Contact Info Jacob Loker Agent NPN 17350621 City Elkton State VA ZIP Code 22827 Contact Info Jacob Loker Agent NPN 17350621 City Elkton State VA ZIP Code 22827 Contact Info Jacob Loker Agent NPN 17350621 City Elkton State VA ZIP Code 22827 Contact Info Aleida Martinez Agent NPN 20702001 City Virginia Beach State VA ZIP Code 23462 Contact Info Aleida Martinez Agent NPN 20702001 City Virginia Beach State VA ZIP Code 23462 Contact Info Aleida Martinez Agent NPN 20702001 City Virginia Beach State VA ZIP Code 23462 Contact Info Wubeshet Mehari Agent NPN 8560229 City Falls Church State VA ZIP Code 22041 Contact Info Wubeshet Mehari Agent NPN 8560229 City Falls Church State VA ZIP Code 22041 Contact Info Wubeshet Mehari Agent NPN 8560229 City Falls Church State VA ZIP Code 22041 Contact Info Gulnaz Sohani Agent NPN 7381075 City Henrico State VA ZIP Code 23233 Contact Info Gulnaz Sohani Agent NPN 7381075 City Henrico State VA ZIP Code 23233 Contact Info Gulnaz Sohani Agent NPN 7381075 City Henrico State VA ZIP Code 23233 Contact Info Indra Thapa Agent NPN 20035789 City Chantilly State VA ZIP Code 20151 Contact Info Indra Thapa Agent NPN 20035789 City Chantilly State VA ZIP Code 20151 Contact Info Indra Thapa Agent NPN 20035789 City Chantilly State VA ZIP Code 20151 Contact Info Abbas Habibzadeh Agent NPN 3113358 City Centreville State VA ZIP Code 20120 Contact Info Abbas Habibzadeh Agent NPN 3113358 City Centreville State VA ZIP Code 20120 Contact Info Abbas Habibzadeh Agent NPN 3113358 City Centreville State VA ZIP Code 20120 Contact Info Pagination Previous page  Page 5 Next page  "}