{"url": "http://www.marketplace.virginia.gov/shop-agents?page=5", "date": "February 03 24", "text": " Find a Certified SHOP AgentFind an agent below. Search Agent Last Name, ZIP Code or NPN. Angela Mixon Agent NPN 17641900 City Yorktown State VA ZIP Code 23692 Contact Info Angela Mixon Agent NPN 17641900 City Yorktown State VA ZIP Code 23692 Contact Info Angela Mixon Agent NPN 17641900 City Yorktown State VA ZIP Code 23692 Contact Info Maria Williams Agent NPN 20007572 City Newport News State VA ZIP Code 23602 Contact Info Maria Williams Agent NPN 20007572 City Newport News State VA ZIP Code 23602 Contact Info Maria Williams Agent NPN 20007572 City Newport News State VA ZIP Code 23602 Contact Info Aekawin Vongasavarit Agent NPN 17856072 City Diamond Bar State 91765 ZIP Code CA Contact Info Aekawin Vongasavarit Agent NPN 17856072 City Diamond Bar State 91765 ZIP Code CA Contact Info Aekawin Vongasavarit Agent NPN 17856072 City Diamond Bar State 91765 ZIP Code CA Contact Info Matthew Fessler Agent NPN 16817649 City Camarillo State CA ZIP Code 93010 Contact Info Matthew Fessler Agent NPN 16817649 City Camarillo State CA ZIP Code 93010 Contact Info Matthew Fessler Agent NPN 16817649 City Camarillo State CA ZIP Code 93010 Contact Info Christy Mathis Agent NPN 20526829 City Sacramento State CA ZIP Code 95811 Contact Info Christy Mathis Agent NPN 20526829 City Sacramento State CA ZIP Code 95811 Contact Info Christy Mathis Agent NPN 20526829 City Sacramento State CA ZIP Code 95811 Contact Info Onyedikachukwu Obele Agent NPN 14678619 City Gardena State CA ZIP Code 90247 Contact Info Onyedikachukwu Obele Agent NPN 14678619 City Gardena State CA ZIP Code 90247 Contact Info Onyedikachukwu Obele Agent NPN 14678619 City Gardena State CA ZIP Code 90247 Contact Info Charles Tapert Agent NPN 2720982 City Sierra Madre State CA ZIP Code 91024 Contact Info Charles Tapert Agent NPN 2720982 City Sierra Madre State CA ZIP Code 91024 Contact Info Charles Tapert Agent NPN 2720982 City Sierra Madre State CA ZIP Code 91024 Contact Info Maitsetseg Dambiijantsan Agent NPN 18830275 City Aurora State CO ZIP Code 80014 Contact Info Maitsetseg Dambiijantsan Agent NPN 18830275 City Aurora State CO ZIP Code 80014 Contact Info Maitsetseg Dambiijantsan Agent NPN 18830275 City Aurora State CO ZIP Code 80014 Contact Info Madeleinys Vasquez Agent NPN 20138659 City Hialeah State FL ZIP Code 33013 Contact Info Madeleinys Vasquez Agent NPN 20138659 City Hialeah State FL ZIP Code 33013 Contact Info Madeleinys Vasquez Agent NPN 20138659 City Hialeah State FL ZIP Code 33013 Contact Info Yaexi Sulbaran Agent NPN 19684373 City Tampa State FL ZIP Code 33615 Contact Info Yaexi Sulbaran Agent NPN 19684373 City Tampa State FL ZIP Code 33615 Contact Info Yaexi Sulbaran Agent NPN 19684373 City Tampa State FL ZIP Code 33615 Contact Info Pagination Previous page  Page 6 Next page  "}