{"url": "http://www.marketplace.virginia.gov/shop-agents", "date": "February 03 24", "text": " Find a Certified SHOP AgentFind an agent below. Search Agent Last Name, ZIP Code or NPN. Gary Baird Agent NPN 2366010 City Bracey State VA ZIP Code 23919 Contact Info Gary Baird Agent NPN 2366010 City Bracey State VA ZIP Code 23919 Contact Info Gary Baird Agent NPN 2366010 City Bracey State VA ZIP Code 23919 Contact Info Chris Beach Agent NPN 3082052 City Chesterfield State VA ZIP Code 23235 Contact Info Chris Beach Agent NPN 3082052 City Chesterfield State VA ZIP Code 23235 Contact Info Chris Beach Agent NPN 3082052 City Chesterfield State VA ZIP Code 23235 Contact Info Tatyana Chepelyuk Agent NPN 16528461 City Harrisonburg State VA ZIP Code 22801 Contact Info Tatyana Chepelyuk Agent NPN 16528461 City Harrisonburg State VA ZIP Code 22801 Contact Info Tatyana Chepelyuk Agent NPN 16528461 City Harrisonburg State VA ZIP Code 22801 Contact Info Michael Cook Agent NPN 9511632 City Alexandria State VA ZIP Code 22308 Contact Info Michael Cook Agent NPN 9511632 City Alexandria State VA ZIP Code 22308 Contact Info Michael Cook Agent NPN 9511632 City Alexandria State VA ZIP Code 22308 Contact Info Ihsan Denli Agent NPN 19473523 City Chantilly State VA ZIP Code 20151 Contact Info Ihsan Denli Agent NPN 19473523 City Chantilly State VA ZIP Code 20151 Contact Info Ihsan Denli Agent NPN 19473523 City Chantilly State VA ZIP Code 20151 Contact Info Stephanie Dicola Agent NPN 3030771 City Woodbridge State VA ZIP Code 22193 Contact Info Stephanie Dicola Agent NPN 3030771 City Woodbridge State VA ZIP Code 22193 Contact Info Stephanie Dicola Agent NPN 3030771 City Woodbridge State VA ZIP Code 22193 Contact Info Ronald Draper Agent NPN 15083752 City Martinsville State VA ZIP Code 24112 Contact Info Ronald Draper Agent NPN 15083752 City Martinsville State VA ZIP Code 24112 Contact Info Ronald Draper Agent NPN 15083752 City Martinsville State VA ZIP Code 24112 Contact Info Ana Espino Palma Agent NPN 18516724 City Sterling State VA ZIP Code 20164 Contact Info Ana Espino Palma Agent NPN 18516724 City Sterling State VA ZIP Code 20164 Contact Info Ana Espino Palma Agent NPN 18516724 City Sterling State VA ZIP Code 20164 Contact Info Kristel Felton Agent NPN 8978615 City Chesapeake State VA ZIP Code 23321 Contact Info Kristel Felton Agent NPN 8978615 City Chesapeake State VA ZIP Code 23321 Contact Info Kristel Felton Agent NPN 8978615 City Chesapeake State VA ZIP Code 23321 Contact Info Teri Hatcher Agent NPN 18426822 City Norfolk State VA ZIP Code 23518 Contact Info Teri Hatcher Agent NPN 18426822 City Norfolk State VA ZIP Code 23518 Contact Info Teri Hatcher Agent NPN 18426822 City Norfolk State VA ZIP Code 23518 Contact Info Pagination Page 1 Next page  "}